Physical Collection Name (Islandora),Unique ID# (Islandora),Title (Islandora),Description (Islandora),Date (Islandora),Notes (Islandora),Subject (Islandora),Location (Geographic) (Islandora),Subjects_GPT-OSS,Subjects_GEMMA4
Kerr-McGee Corporation collection,WHC-P-2232_0006,"Kerr Inn Service gas station in Oklahoma City, Oklahoma","Black and white photograph depicting the Kerr Inn Service gas station in Oklahoma City, Oklahoma described as Lou Lindsay's Gas Station, looking southeast. The service station was located on the northeast corner of N Walker Ave. and Couch Dr. in Oklahoma City.",circa 1937,,,,chronological: 1900-1999 | corporate_name: Kerr Inn Service | corporate_name: Lou Lindsay's Gas Station | form_genre: Black-and-white photographs | form_genre: Photographs | geographic: Couch Drive (Oklahoma City) | geographic: North Walker Avenue (Oklahoma City) | geographic: Oklahoma City (Oklahoma) | personal_name: Lou Lindsay | topical: Automobile industry | topical: Black-and-white photographs | topical: Gas stations | topical: Photographs | topical: Service stations,"corporate_name: Kerr Inn Service | form_genre: Photographs | geographic: Couch Drive (Oklahoma City, Okla.) | geographic: Oklahoma City, Oklahoma | geographic: Walker Avenue (Oklahoma City, Okla.) | personal_name: Lindsay, Lou | topical: Commercial buildings | topical: Gas stations | topical: Service stations"
Kerr-McGee Corporation collection,WHC-P-2232_0007,"Kerr-McGee service station in Oklahoma City, Oklahoma","Color photograph depicting a Kerr-McGee service station in Oklahoma City, Oklahoma at the southeast corner of S May Ave and SW 59th St, looking southwest. A Winchell's Donuts and Tastee-Freez fast food restaurant are seen in the background. ",1976,,,,corporate_name: Kerr-McGee | corporate_name: Tastee-Freez | corporate_name: Winchell's Donuts | form_genre: Color photographs | form_genre: Street view photographs | form_genre: Urban scene photographs | geographic: Oklahoma | geographic: Oklahoma City (Oklahoma) | topical: Donut shops | topical: Fast food restaurants | topical: Oil industry | topical: Service stations (automobile) | topical: Urban landscapes,"corporate_name: Kerr-McGee Corporation | corporate_name: Tastee-Freez | corporate_name: Winchell's Donuts | form_genre: Color photographs | form_genre: Photographs | geographic: Oklahoma | geographic: Oklahoma City, Oklahoma | topical: Commercial architecture | topical: Donut shops | topical: Fast food restaurants | topical: Gas stations"
Kerr-McGee Corporation collection,WHC-P-2232_0008,Deep Rock service station,Color photograph of a woman in an automobile at a Deep Rock service station and a man working as a gas station attendant.,circa 1955-1959,The Kerr-McGee Corporation purchased Deep Rock in 1955.,,,form_genre: Color photographs | form_genre: Photographs | form_genre: Portraits (photographic) | topical: Automobiles | topical: Gas station attendants | topical: Gas stations | topical: Service stations | topical: Women,corporate_name: Deep Rock | form_genre: Color photographs | form_genre: Photographs | topical: Automobiles | topical: Gas station attendants | topical: Gas stations | topical: Service stations
Kerr-McGee Corporation collection,WHC-P-2232_0011,Three workers on drilling rig drill floor,Black and white photograph of three unidentified workers on a drilling rig drill floor.,circa 1970-1985,,,,form_genre: Black-and-white photographs | form_genre: Industrial photography | form_genre: Photographs | topical: Drilling rigs | topical: Industrial workers | topical: Labor (occupations) | topical: Oil drilling | topical: Oil industry,form_genre: Black-and-white photographs | form_genre: Photographs | topical: Drilling rigs | topical: Industrial workers | topical: Oil industry | topical: Oil rigs
Kerr-McGee Corporation collection,WHC-P-2232_0012,"Big Hole Drilling drill bit and workers in Grants, New Mexico","Black and white photograph of a Big Hole Drilling drill bit and two unidentified workers drilling near Ambrosia Lake in Grants, New Mexico in 1969.",1969,"Big Hole Drillers, a Kerr-McGee Corporation subsidiary, used this 75,000 lb. drill bit used to sink a uranium mine shaft at Ambrosia Lake, New Mexico, 1969.",,,"chronological: 1969 | corporate_name: Big Hole Drilling | form_genre: Black-and-white photographs | form_genre: Industrial photographs | form_genre: Photographs | geographic: Ambrosia Lake (NM) | geographic: Grants (NM) | topical: Drilling (oil, gas, and water) | topical: Industrial photography | topical: Photographs, black-and-white | topical: Uranium mining",chronological: 1969 | corporate_name: Big Hole Drilling | form_genre: Photographs | geographic: Ambrosia Lake (New Mexico) | geographic: Grants (New Mexico) | geographic: New Mexico | topical: Drill bits | topical: Drilling | topical: Mining | topical: Uranium mining
Kerr-McGee Corporation collection,WHC-P-2232_0013,Casing and rig used for mine shaft drilled by Big Hole Drillers in New Mexico,"Black and white photograph of casing and rig used for a mine shaft drilled by Big Hole Drillers near Ambrosia Lake in Grants, New Mexico, 1969",1969,,,,chronological: 1960-1969 | chronological: 1969 | corporate_name: Big Hole Drillers | form_genre: Black-and-white photographs | form_genre: Industrial photographs | form_genre: Photographs | geographic: Ambrosia Lake (NM) | geographic: Grants (New Mexico) | geographic: New Mexico | geographic: United States | topical: Black-and-white photography | topical: Drilling rigs | topical: Industrial photography | topical: Mine shafts | topical: Mining equipment,chronological: 1969 | corporate_name: Big Hole Drillers | form_genre: Photographs | geographic: Ambrosia Lake (N.M.) | geographic: Grants (N.M.) | geographic: New Mexico | topical: Drilling | topical: Mine shafts | topical: Mining
Kerr-McGee Corporation collection,WHC-P-2232_0014,Workers standing on oil drilling rig floor,"Black and white photograph of six unidentified workers standing on oil drilling rig floor, circa 1930-1939",circa 1930-1939,,,,chronological: 1930-1939 | form_genre: Black-and-white photographs | form_genre: Industrial photography | form_genre: Photographs | topical: Black-and-white photography | topical: Industrial workers | topical: Oil drilling rigs | topical: Oil industry,chronological: 1930-1939 | form_genre: Photographs | topical: Oil industry | topical: Oil rigs | topical: Oil workers
Kerr-McGee Corporation collection,WHC-P-2232_0015,Moss-American lumberjack felling a tree,Black and white photograph of a Moss-American lumberjack felling a tree.,circa 1960-1974,Moss-American was a Kerr-McGee Corporation subsidiary.,,,chronological: 1900-1950 | form_genre: Black-and-white photographs | form_genre: Photographs | topical: Black-and-white photography | topical: Forestry | topical: Logging | topical: Lumberjacks | topical: Tree felling,form_genre: Black-and-white photographs | form_genre: Photographs | topical: Forestry | topical: Logging | topical: Lumberjacks | topical: Tree felling
Kerr-McGee Corporation collection,WHC-P-2232_0016,Kerr-McGee Forest Products worker with wooden poles,"Black and white photograph of a Kerr-McGee Forest Products worker in Texarkana, Texas standing atop wooden poles, 1965",1965,,,,chronological: 1960-1969 | chronological: 1965 | corporate_name: Kerr-McGee | corporate_name: Kerr-McGee Forest Products | form_genre: Black-and-white photographs | form_genre: Photographs | form_genre: Portraits | geographic: Texarkana (Texas) | geographic: Texas | geographic: United States | topical: Black-and-white photographs | topical: Forest products industry | topical: Industrial workers | topical: Photographs | topical: Wooden poles,chronological: 1965 | corporate_name: Kerr-McGee Forest Products | form_genre: Photographs | geographic: Texarkana (Texas) | geographic: Texas | topical: Forestry workers | topical: Logging | topical: Utility poles
Kerr-McGee Corporation collection,WHC-P-2232_0017,Kerr-McGee Corporation coal earthmoving equipment,"Black and white photograph of Kerr-McGee Corporation coal earthmoving equipment manufactured by Bucyrus-Erie taken in 1977. The photograph was likely taken at Jacobs Ranch Mine near Wright, Wyoming.",1977,,,,chronological: 1970-1979 | chronological: 1977 | corporate_name: Bucyrus-Erie | corporate_name: Kerr-McGee Corporation | form_genre: Black-and-white photographs | form_genre: Photographs | geographic: Jacobs Ranch Mine (Wyoming) | geographic: Wright (Wyoming) | geographic: Wyoming | topical: Coal mining | topical: Earthmoving equipment | topical: Heavy construction equipment | topical: Mining equipment | topical: Photographs,chronological: 1977 | corporate_name: Bucyrus-Erie | corporate_name: Kerr-McGee Corporation | form_genre: Black-and-white photographs | form_genre: Photographs | geographic: Jacobs Ranch Mine | geographic: Wright (Wyoming) | geographic: Wyoming | topical: Coal mining | topical: Earthmoving equipment | topical: Mining machinery | topical: Strip mining
Kerr-McGee Corporation collection,WHC-P-2232_0018,Kerr-McGee Corporation coal exploration worker in Wyoming,"Back and white photograph depicting a Kerr-McGee Corporation coal exploration worker in Wyoming, two pickup trucks, and rig equipment.",circa 1970-1979,,,,corporate_name: Kerr-McGee Corporation | form_genre: Black-and-white photographs | form_genre: Industrial photography | form_genre: Photographs | geographic: Wyoming | topical: Coal exploration | topical: Industrial transportation | topical: Mining equipment | topical: Pickup trucks,corporate_name: Kerr-McGee Corporation | form_genre: Photographs | geographic: Wyoming | topical: Coal | topical: Coal mining | topical: Mineral exploration | topical: Mining equipment
Kerr-McGee Corporation collection,WHC-P-2232_0019,Moss-American worker pulling logs with a tractor,Black and white photograph of a Moss-American worker pulling four logs through a forest with a tractor.,circa 1960-1969,Moss-American was a Kerr-McGee Corporation subsidiary.,,,corporate_name: Moss-American | form_genre: Black-and-white photography | form_genre: Photographs | topical: Black-and-white photographs | topical: Forestry | topical: Logging | topical: Photography | topical: Timber harvesting,form_genre: Photographs | topical: Forestry | topical: Labor | topical: Logging | topical: Tractors
Kerr-McGee Corporation collection,WHC-P-2232_0024,Cato Oil and Grease Company workers on a production line,Black and white photograph depicting two men working on a production line sealing lids on buckets of Mystik JT-6 Multipurpose Grease at a Cato Oil and Grease Company plant.,circa 1964-1980,The Oklahoma City-based Cato Oil and Grease Company was a subsidiary of the Kerr-McGee Corporation,,,corporate_name: Cato Oil and Grease Company | form_genre: black-and-white photograph | form_genre: industrial photograph | form_genre: photograph | topical: Industrial photography | topical: Manufacturing | topical: Oil and grease | topical: Packaging (sealing) | topical: Production line,corporate_name: Cato Oil and Grease Company | form_genre: Photographs | topical: Grease | topical: Industrial hygiene | topical: Manufacturing plants | topical: Production lines
Kerr-McGee Corporation collection,WHC-P-2232_0025,Man checking corn for harvest,Black and white photograph depicting a man checking corn for harvest. The photograph was used in an advertisement for Kerr-McGee fertilizer.,circa 1950-1980,,,,chronological: 1950-1959 | chronological: 20th century | corporate_name: Kerr-McGee Corporation | form_genre: Advertisement | form_genre: Black-and-white photographs | form_genre: Photographs | geographic: Midwestern United States | geographic: United States | topical: Agriculture—Harvest | topical: Black-and-white photography | topical: Corn | topical: Fertilizer industry | topical: Plant nutrition,corporate_name: Kerr-McGee | form_genre: Advertisements | form_genre: Photographs | topical: Agriculture | topical: Corn | topical: Fertilizers | topical: Harvesting
Kerr-McGee Corporation collection,WHC-P-2232_0026,Crop being harvested in a combine harvester,"Black and white photograph depicting a crop, likely soybeans, being harvested by a harvester combine. The photograph depicts the crop being deposited from an auger into a bin. The photograph was likely used in an advertisement for Kerr-McGee Fertilizer.",circa 1950-1980,,,,chronological: 1950-1959 | corporate_name: Kerr-McGee Corporation | form_genre: Advertising photographs | form_genre: Agricultural photography | form_genre: Black-and-white photographs | form_genre: Photographs | topical: Agriculture | topical: Combine harvester | topical: Fertilizer | topical: Harvesting | topical: Soybeans,corporate_name: Kerr-McGee Corporation | form_genre: Advertisements | form_genre: Photographs | topical: Combine harvesters | topical: Fertilizers | topical: Harvesting | topical: Soybeans
Kerr-McGee Corporation collection,WHC-P-2232_0028,"Anderson and Kerr Drilling Company steam boiler rigs near St. Louis, Oklahoma","Black and white photograph depicting the first Anderson and Kerr Drilling Company steam boiler rigs two miles north of St. Louis, Oklahoma circa 1922.",circa 1922,,,,chronological: 1920-1929 | corporate_name: Anderson and Kerr Drilling Company | form_genre: Black-and-white photographs | form_genre: Photographs | geographic: Oklahoma | geographic: St. Louis (Oklahoma) | topical: Black-and-white photographs | topical: Drilling rigs | topical: Industrial equipment | topical: Oil and gas industry | topical: Steam boilers,chronological: 1922 | corporate_name: Anderson and Kerr Drilling Company | form_genre: Photographs | geographic: Oklahoma | geographic: St. Louis (Oklahoma) | topical: Drilling companies | topical: Oil drilling | topical: Oil rigs | topical: Steam boilers
Kerr-McGee Corporation collection,WHC-P-2232_0030,Mine worker operating a winch,Black and white photograph depicting a mine worker operating a winch in an unidentified mine.,circa 1960-1975,,,,form_genre: Black-and-white photographs | form_genre: Industrial photography | form_genre: Photographs | topical: Industrial labor | topical: Mine workers | topical: Mining industry | topical: Underground mining | topical: Winches,form_genre: Photographs | topical: Industrial machinery | topical: Mine workers | topical: Mining | topical: Winches
Kerr-McGee Corporation collection,WHC-P-2232_0031,Laboratory technician working with plutonium pellets,"Black and white photograph depicting a laboratory worker, likely a Kerr-McGee Corporation employee, working with plutonium pellets using encased rubber gloves in a glovebox.",circa 1965-1975,,,,chronological: 1950-1959 | chronological: 1960-1969 | corporate_name: Kerr-McGee Corporation | form_genre: Black-and-white photographs | form_genre: Documentary photography | form_genre: Industrial photography | form_genre: Scientific photography | topical: Glovebox (laboratory equipment) | topical: Laboratory personnel | topical: Nuclear materials | topical: Plutonium | topical: Radiation protection,corporate_name: Kerr-McGee Corporation | form_genre: Photographs | topical: Gloveboxes | topical: Laboratory techniques | topical: Nuclear fuel | topical: Plutonium
Kerr-McGee Corporation collection,WHC-P-2232_0033,Cato Oil and Grease Company employee working with the grease machine in production,Black and white photograph depicting a Cato Oil and Grease Company employee working with the grease machine in production in 1977.,1977,,,,chronological: 1970-1979 | chronological: 1977 | corporate_name: Cato Oil and Grease Company | events: Industrial labor (1970s) | form_genre: Black-and-white photographs | form_genre: Industrial photography | form_genre: Photographs | topical: Grease (lubricants) | topical: Industrial labor | topical: Industrial machinery | topical: Manufacturing processes | topical: Oil industry,chronological: 1977 | corporate_name: Cato Oil and Grease Company | form_genre: Photographs | topical: Industrial machinery | topical: Lubricating grease | topical: Manufacturing | topical: Production
Kerr-McGee Corporation collection,WHC-P-2232_0035,Kerr-McGee employee using a Geiger counter to search for uranium,Color photograph depicting a Kerr-McGee employee standard near rocks using a Geiger counter to detect uranium. The employee is participating in a uranium exploration. A helicopter is depicted in the background of the image.,circa 1952-1970,,,,corporate_name: Kerr-McGee | events: Uranium exploration | form_genre: Color photographs | form_genre: Photographs | topical: Geiger counter | topical: Mineral exploration | topical: Radiological surveying | topical: Uranium | topical: Uranium exploration,corporate_name: Kerr-McGee Corporation | form_genre: Photographs | topical: Geiger counters | topical: Mineral exploration | topical: Prospecting | topical: Uranium
Kerr-McGee Corporation collection,WHC-P-2232_0037,Cato Oil and Grease Company employee working a packing machine,"Color photograph depicting a Cato Oil and Grease Company employee working at a packing machine to produce Mystik JT-6 high-temperature, lithium-complex grease.",circa 1964-1980,,,,"corporate_name: Cato Oil and Grease Company | form_genre: Photographs, Color | topical: Grease (Industrial) | topical: High-temperature grease | topical: Industrial packing machines | topical: Lithium compounds | topical: Lubricants",corporate_name: Cato Oil and Grease Company | form_genre: Photographs | topical: Industrial machinery | topical: Lubricating grease | topical: Manufacturing plants | topical: Packing machines
Kerr-McGee Corporation collection,WHC-P-2232_0038,Moss-American worker operating railroad tie sawing and sorting machine,"Black and white photograph of a Moss-American worker operating a railroad tie sawing and sorting machine at a Moss-American facility in Springfield, Missouri.",circa 1960-1974,Moss-American was a Kerr-McGee Corporation subsidiary.,,,corporate_name: Moss-American | corporate_name: Moss-American Company | form_genre: Black-and-white photographs | form_genre: Industrial photography | form_genre: Photographs | geographic: Missouri | geographic: Springfield (Missouri) | geographic: United States | topical: Black-and-white photography | topical: Industrial machinery | topical: Industrial workers | topical: Railroad tie | topical: Railroad tie sawing and sorting machines,corporate_name: Moss-American | form_genre: Photographs | geographic: Missouri | geographic: Springfield (Mo.) | topical: Industrial machinery | topical: Manufacturing plants | topical: Railroad ties | topical: Sawing
Kerr-McGee Corporation collection,WHC-P-2232_0039,Sequoyah Fuels Corporation employee with cylinders of uranium hexafluoride,"Black and white photograph depicting a Sequoyah Fuels Corporation employee among UF6 cylinders filled with uranium hexafluoride produced at the company's uranium processing plant near Gore, Oklahoma.",circa 1983-1988,Sequoyah Fuels Corporation was a subsidiary of  Kerr-McGee Corporation.,,,corporate_name: Sequoyah Fuels Corporation | form_genre: Black-and-white photograph | form_genre: Documentary photograph | form_genre: Industrial photograph | geographic: Gore (Oklahoma) | geographic: Oklahoma | geographic: United States | topical: Industrial photography | topical: Nuclear fuel cycle | topical: Uranium hexafluoride | topical: Uranium processing,corporate_name: Sequoyah Fuels Corporation | form_genre: Photographs | geographic: Gore (Oklahoma) | geographic: Oklahoma | topical: Industrial photography | topical: Nuclear fuel cycle | topical: Uranium hexafluoride | topical: Uranium processing
Kerr-McGee Corporation collection,WHC-P-2232_0040,"Kerr-McGee Corporation employee monitoring sodium chlorate production at Henderson, Nevada plant","Black and white photograph depicting a Kerr-McGee Corporation employee wearing an oxygen mask and white rubber gloves checking the electrolytic process that produces sodium chlorate at the Kerr McGee plant in Henderson, Nevada.",circa 1970-1979,,,,corporate_name: Kerr-McGee Corporation | form_genre: black-and-white photograph | form_genre: industrial photography | form_genre: process photography | geographic: Henderson (Nevada) | geographic: Nevada | geographic: United States | topical: chemical manufacturing processes | topical: electrolysis | topical: industrial safety equipment | topical: personal protective equipment | topical: sodium chlorate production | uniform_title: Photograph,"corporate_name: Kerr-McGee Corporation | form_genre: Photographs | geographic: Henderson, Nevada | topical: Chemical industry | topical: Chemical plants | topical: Electrolysis | topical: Occupational safety | topical: Sodium chlorate"
Kerr-McGee Corporation collection,WHC-P-2232_0041,"Kerr-McGee Corporation employee at Cimarron Fuel Fabrication Site near Crescent, Oklahoma","Black and white photograph depicting a Kerr-McGee Corporation employee checking the alignment of a fabricated uranium fuel assembly at the Cimarron Fuel Fabrication Site near Crescent, Oklahoma circa 1975.",circa 1975,,,,chronological: 1970-1979 | chronological: 1975 | corporate_name: Kerr-McGee Corporation | form_genre: Black-and-white photographs | form_genre: Photographs | geographic: Cimarron Fuel Fabrication Site (Oklahoma) | geographic: Crescent (Oklahoma) | geographic: Oklahoma | geographic: United States | topical: Industrial safety | topical: Nuclear fuel fabrication | topical: Quality control (nuclear) | topical: Radiation protection | topical: Uranium fuel assembly,chronological: 1975 | corporate_name: Kerr-McGee Corporation | form_genre: Photographs | geographic: Crescent (Oklahoma) | geographic: Oklahoma | topical: Nuclear fuel fabrication | topical: Nuclear power plants | topical: Quality control | topical: Uranium fuel
Kerr-McGee Corporation collection,WHC-P-2232_0042,"Kerr-McGee Corporation employee checking ""Christmas tree"" at Parks #1 well in Wheeler County, Texas","Black and white photograph depicting a Kerr-McGee Corporation employee checking a ""Christmas tree"" at Parks #1 well in Wheeler County, Texas. A ""Christmas tree"" refers to equipment that provides flow control on at an oil or gas well. A sign in the photograph reads ""Kerr-McGee Corporation. Parks LSE. ""Morrow Upper"" 58699. Allison Parks (Morrow Upper) Field. ",circa 1960-1980,,,,corporate_name: Kerr-McGee Corporation | form_genre: Black-and-white photographs | form_genre: Industrial photography | geographic: Texas | geographic: United States | geographic: Wheeler County (Texas) | personal_name: Allison Parks | topical: Flow control devices (oil and gas) | topical: Oil and gas wells | topical: Oil well equipment | topical: Petroleum extraction | topical: Production Christmas tree (oil and gas),corporate_name: Kerr-McGee Corporation | form_genre: Photographs | geographic: Allison Parks Field | geographic: Texas | geographic: Wheeler County (Texas) | topical: Flow control equipment | topical: Natural gas wells | topical: Oil industry | topical: Oil wells
Kerr-McGee Corporation collection,WHC-P-2232_0044,Charlie Walton standing beside Dixon Brothers oil rig,Black and white photograph depicting worker Charlie Walton standing beside a Dixon Brothers oil rig in 1927. The Dixon Brothers oil rig was sold to Anderson and Kerr Drilling Company in 1929. Charlie Walton would become an employee of Anderson and Kerr.,1927,,,,chronological: 1927 | chronological: 1929 | corporate_name: Anderson and Kerr Drilling Company | corporate_name: Dixon Brothers | events: Industrial labor (1920s) | events: Oil boom (1920s) | form_genre: Black-and-white photograph | form_genre: Portrait (photography) | personal_name: Charlie Walton | topical: Industrial photography | topical: Oil rigs | topical: Oil workers | topical: Petroleum industry,"chronological: 1927 | corporate_name: Anderson and Kerr Drilling Company | corporate_name: Dixon Brothers | form_genre: Photographs | personal_name: Walton, Charlie | topical: Oil drilling | topical: Oil industry | topical: Oil rigs"
Kerr-McGee Corporation collection,WHC-P-2232_0045,"Aerial view near Cape Yakataga, Alaska","Black and white aerial photograph depicting the area near Cape Yakataga, Alaska in 1954 looking westward on the Yakataga anticline. ",1954,This area was the site of a Kerr-McGee oil well attempt in 1954.,,,"chronological: 1950-1959 | chronological: 1954 | form_genre: Aerial photographs | form_genre: Black-and-white photographs | geographic: Alaska | geographic: Cape Yakataga (Alaska) | topical: Aerial photographs | topical: Anticlines | topical: Geology | topical: Landscape photography | topical: Photographs, black-and-white",chronological: 1954 | form_genre: Aerial photographs | form_genre: Still images | geographic: Alaska | geographic: Cape Yakataga (Alaska) | topical: Aerial photography | topical: Anticlines | topical: Geology
Kerr-McGee Corporation collection,WHC-P-2232_0046,"Kerr-McGee Corporation oil refinery in Corpus Christi, Texas","Black and white photograph depicting Kerr-McGee Corporation's oil refinery in Corpus Christi, Texas, formerly Southwestern Refining Company, in 1974",1974,,,,chronological: 1970s | chronological: 1974 | corporate_name: Kerr-McGee Corporation | corporate_name: Southwestern Refining Company | form_genre: Black-and-white photographs | form_genre: Industrial photographs | form_genre: Photographs | geographic: Corpus Christi (Texas) | geographic: Texas | geographic: United States | topical: Black-and-white photographs | topical: Corporate architecture | topical: Industrial photography | topical: Oil refineries | topical: Petroleum industry,chronological: 1974 | corporate_name: Kerr-McGee Corporation | corporate_name: Southwestern Refining Company | form_genre: Photographs | geographic: Corpus Christi (Texas) | geographic: Texas | topical: Industrial plants | topical: Oil refineries | topical: Petroleum refining
Kerr-McGee Corporation collection,WHC-P-2232_0047,"Headframe of Kerr-McGee Corporation Choctaw coal mine near Stigler, Oklahoma","Black and white photograph depicting the headframe of Kerr-McGee Choctaw coal mine near Stigler, Oklahoma",circa 1968-1985,,,,chronological: 20th century | corporate_name: Kerr-McGee | form_genre: Photographs | geographic: Oklahoma | geographic: Stigler (Okla.) | topical: Black-and-white photographs | topical: Coal mining | topical: Headframes | topical: Industrial architecture,corporate_name: Kerr-McGee Corporation | form_genre: Photographs | geographic: Oklahoma | geographic: Stigler (Okla.) | topical: Coal mines | topical: Coal mining | topical: Mining headframes
Kerr-McGee Corporation collection,WHC-P-2232_0049,"Kerr-McGee Corporation trona evaporation unit near Searles Lake, California","Black and white photograph depicting the Kerr-McGee Corporation trona evaporation unit near Searles Lake, California used to process brine.",circa 1967-1985,,,,"corporate_name: Kerr-McGee Corporation | form_genre: Industrial photographs | form_genre: Photographs, black-and-white | geographic: California | geographic: Searles Lake (California) | topical: Brine | topical: Evaporation (industrial process) | topical: Industrial photography | topical: Mining | topical: Trona",corporate_name: Kerr-McGee Corporation | form_genre: Photographs | geographic: California | geographic: Searles Lake (California) | topical: Brine | topical: Evaporation | topical: Industrial plants | topical: Trona
Kerr-McGee Corporation collection,WHC-P-2232_0050,Kerr-McGee Corporation oil storage vessel Baraka I at Mubarek Field,Black and white photograph depicting the Kerr-McGee oil storage vessel Baraka I in the Mubarek Field in the Persian Gulf.,circa 1974-1984,,,,corporate_name: Kerr-McGee | form_genre: Industrial photography | form_genre: Photographs | geographic: Mubarek Field | geographic: Persian Gulf | topical: Black-and-white photographs | topical: Industrial photography | topical: Oil storage vessels | topical: Petroleum industry | topical: Photographs,corporate_name: Kerr-McGee Corporation | form_genre: Photographs | geographic: Persian Gulf | topical: Offshore drilling | topical: Oil platforms | topical: Oil storage
Kerr-McGee Corporation collection,WHC-P-2232_0051,"Kerr-McGee Corporation bulk loading terminal at Wynnewood Refinery, Wynnewood, Oklahoma","Black and white photograph depicting tank trucks at a Kerr-McGee Corporation bulk loading terminal at Wynnewood Refinery in Wynnewood, Oklahoma in 1975.",1975-03-01 00:00:00,,,,chronological: 1975 | corporate_name: Kerr-McGee Corporation | form_genre: Black-and-white photographs | form_genre: Photographs | geographic: Oklahoma | geographic: Wynnewood (Oklahoma) | topical: Black-and-white photography | topical: Bulk loading terminals | topical: Oil refineries | topical: Petroleum industry | topical: Tank trucks,"chronological: 1975 | corporate_name: Kerr-McGee Corporation | form_genre: Photographs | geographic: Oklahoma | geographic: Wynnewood, Oklahoma | topical: Bulk loading | topical: Oil refineries | topical: Petroleum industry | topical: Tank trucks"
Kerr-McGee Corporation collection,WHC-P-2232_0052,"Kerr-McGee Corporation dragline excavator at Jacobs Ranch Mine near Wright, Wyoming","Black and white photograph depicting a Kerr-McGee Corporation dragline excavator manufactured by Bucyrus-Erie strip mining for coal in 1977 at Jacobs Ranch Mine near Wright, Wyoming. Storage silos are depicted in the background.",1977,,,,chronological: 1977 | corporate_name: Bucyrus-Erie | corporate_name: Kerr-McGee Corporation | form_genre: Black-and-white photographs | form_genre: Photographs | geographic: Jacobs Ranch Mine (Wyoming) | geographic: Wright (Wyoming) | geographic: Wyoming | topical: Coal mining | topical: Draglines (machines) | topical: Industrial photography | topical: Mining equipment | topical: Strip mining,chronological: 1977 | corporate_name: Bucyrus-Erie | corporate_name: Kerr-McGee Corporation | form_genre: Photographs | geographic: Jacobs Ranch Mine | geographic: Wright (Wyoming) | geographic: Wyoming | topical: Coal mining | topical: Dragline excavators | topical: Mining equipment | topical: Strip mining
Kerr-McGee Corporation collection,WHC-P-2232_0054,"Triangle Refineries oil terminal at oil refinery facility in Mobile, Alabama","Black and white photograph depicting an oil terminal at the Triangle Refineries oil refinery facility in Mobile, Alabama.",circa 1965-1985,Triangle Refineries was a subsidiary of Kerr-McGee Corporation.,,,corporate_name: Triangle Refineries | form_genre: Black-and-white photographs | form_genre: Photographs | geographic: Alabama | geographic: Gulf Coast (United States) | geographic: Mobile (Alabama) | topical: Black-and-white photographs | topical: Industrial photography | topical: Oil refineries | topical: Oil terminals | topical: Petroleum industry,corporate_name: Triangle Refineries | form_genre: Photographs | geographic: Alabama | geographic: Mobile (Alabama) | topical: Industrial facilities | topical: Oil refineries | topical: Oil terminals | topical: Petroleum industry
Kerr-McGee Corporation collection,WHC-P-2232_0055,Triangle Refineries oil terminal at oil refinery facility,Black and white photograph depicting an oil terminal at a Triangle Refineries oil refinery facility.,circa 1965-1985,Triangle Refineries was a subsidiary of Kerr-McGee Corporation.,,,corporate_name: Triangle Refineries | form_genre: Black-and-white photographs | form_genre: Industrial photography | form_genre: Photographs | topical: Oil refineries | topical: Oil terminals | topical: Petroleum industry,corporate_name: Triangle Refineries | form_genre: Photographs | topical: Industrial plants | topical: Oil refineries | topical: Oil terminals | topical: Petroleum refineries
Kerr-McGee Corporation collection,WHC-P-2232_0056,"Kerr-McGee Corporation employee at helium liquefaction plant in Navajo County, Arizona","Black and white photograph depicting a Kerr-McGee Corporation employee at helium liquefaction plant in Navajo County, Arizona in 1964.",1964,,,,chronological: 1964 | corporate_name: Kerr-McGee Corporation | form_genre: black-and-white photographs | form_genre: photographs | geographic: Arizona | geographic: Navajo County (Arizona) | geographic: United States | topical: black-and-white photographs | topical: energy resources | topical: helium | topical: helium liquefaction | topical: industrial plants,chronological: 1964 | corporate_name: Kerr-McGee Corporation | form_genre: Photographs | geographic: Arizona | geographic: Navajo County (Ariz.) | topical: Chemical industry | topical: Helium | topical: Industrial plants | topical: Liquefaction
Kerr-McGee Corporation collection,WHC-P-2232_0057,"Pumpjack at Morgan #1 oil well in Seminole County, Oklahoma","Black and white photograph depicting a Kerr-McGee Corporation pumpjack at Morgan #1 oil well at the Konawa dove field in Seminole County, Oklahoma.",circa 1960-1980,"Drilled in 1930, the Morgan #1 oil well was the first oil will drilled for Anderson and Kerr for their own account.",,,corporate_name: Kerr‑McGee Corporation | form_genre: Black-and-white photographs | form_genre: Industrial photography | geographic: Konawa (Okla.) | geographic: Oklahoma | geographic: Seminole County (Okla.) | topical: Black-and-white photographs | topical: Oil wells | topical: Petroleum industry | topical: Pumpjacks,corporate_name: Kerr-McGee Corporation | form_genre: Photographs | geographic: Konawa (Okla.) | geographic: Oklahoma | geographic: Seminole County (Okla.) | topical: Oil fields | topical: Oil industry | topical: Oil wells | topical: Pumpjacks
Kerr-McGee Corporation collection,WHC-P-2232_0058,"Kerr-McGee Corporation oil refinery in Corpus Christi, Texas","Black and white photograph taken at twilight depicting Kerr-McGee Corporation's oil refinery in Corpus Christi, Texas, formerly Southwestern Refining Company.",circa 1970-1985,,,,corporate_name: Kerr-McGee Corporation | corporate_name: Southwestern Refining Company | form_genre: Black-and-white photographs | form_genre: Industrial photographs | form_genre: Photographs | geographic: Corpus Christi (Texas) | geographic: Texas | topical: Black-and-white photographs | topical: Industrial photography | topical: Oil refineries | topical: Refining (industry),corporate_name: Kerr-McGee Corporation | corporate_name: Southwestern Refining Company | form_genre: Black-and-white photographs | form_genre: Photographs | geographic: Corpus Christi (Texas) | geographic: Texas | topical: Industrial plants | topical: Oil refineries | topical: Petroleum refining
Kerr-McGee Corporation collection,WHC-P-2232_0060,"Kerr-McGee Corporation uranium mine shaft headframe near Ambrosia Lake in Grants, New Mexico","Black and white photograph depicting the first Kerr-McGee Corporation uranium mine shaft headframe near Ambrosia Lake in Grants, New Mexico in 1959.",1959,,,,chronological: 1950s | chronological: 1959 | corporate_name: Kerr-McGee Corporation | events: Cold War nuclear weapons program | events: Uranium boom (1950s) | form_genre: Black-and-white photographs | form_genre: Industrial photography | form_genre: Photographs | geographic: Ambrosia Lake (New Mexico) | geographic: Grants (New Mexico) | geographic: New Mexico | geographic: United States | topical: Black-and-white photographs | topical: Headframes | topical: Industrial photography | topical: Mine shafts | topical: Uranium mining,chronological: 1959 | corporate_name: Kerr-McGee Corporation | form_genre: Photographs | geographic: Ambrosia Lake (New Mexico) | geographic: Grants (New Mexico) | geographic: New Mexico | topical: Headframes | topical: Mine shafts | topical: Mining industry | topical: Uranium mining
Kerr-McGee Corporation collection,WHC-P-2232_0061,"Brewster Phosphates dragline excavator at phosphate mine in Brewster, Florida","Black and white photograph depicting a Brewster Phosphates dragline excavator mining for phosphate in Brewster, Florida in 1971.",1971,Brewster Phosphates was a subsidiary of Kerr-McGee Corporation.,,,"chronological: 1970-1979 | chronological: 1971 | corporate_name: Brewster Phosphates | form_genre: industrial photography | form_genre: photograph | geographic: Brewster, Florida | geographic: Florida (USA) | topical: black-and-white photographs | topical: dragline excavator | topical: industrial photography | topical: mining equipment | topical: phosphate mining",chronological: 1971 | corporate_name: Brewster Phosphates | form_genre: Photographs | geographic: Brewster (Florida) | geographic: Florida | topical: Dragline excavators | topical: Mining | topical: Mining machinery | topical: Phosphate mining
Kerr-McGee Corporation collection,WHC-P-2232_0063,"Brewster Mill phosphate plant in Brewster, Florida","Black and white photograph depicting a worker wearing a hard hat at the Brewster Mill phosphate plant in Brewster, Florida.",circa 1970-1979,The Brewster Mill phosphate plant was owner in partnership with Kerr-McGee Corporation.,,,corporate_name: Brewster Mill (phosphate plant) | form_genre: Black-and-white photographs | form_genre: Industrial photography | form_genre: Photographs | geographic: Brewster (Florida) | geographic: Florida (United States) | topical: Black-and-white photography | topical: Hard hats | topical: Industrial plants | topical: Industrial workers | topical: Phosphate mining,corporate_name: Brewster Mill | form_genre: Photographs | geographic: Brewster (Florida) | geographic: Florida | topical: Industrial workers | topical: Mining | topical: Phosphate plants | topical: Phosphates
Kerr-McGee Corporation collection,WHC-P-2232_0065,"Mine workers on mine cart at Shiprock Uranium Mine in Navajo County, Arizona","Black and white photograph depicting two mine workers on mine cart at Shiprock Uranium Mine in Navajo County, Arizona.",1953,,,,form_genre: Black-and-white photograph | form_genre: Historical photograph | form_genre: Photograph | geographic: Arizona | geographic: Navajo County (Arizona) | geographic: Shiprock uranium mine (Arizona) | topical: Black-and-white photography | topical: Mine workers | topical: Mining carts | topical: Photographs | topical: Uranium mining,form_genre: Black-and-white photographs | form_genre: Photographs | geographic: Arizona | geographic: Navajo County (Arizona) | geographic: Shiprock (Arizona) | topical: Mine workers | topical: Mining equipment | topical: Navajo Nation | topical: Uranium mining
Kerr-McGee Corporation collection,WHC-P-2232_0068,"Cotton Valley Refinery in Cotton Valley, Louisiana","Black and white photograph depicting the Kerr-McGee Corporation-owned Cotton Valley Refinery in Cotton Valley, Louisiana.",circa 1970-1985,,,,corporate_name: Cotton Valley Refinery | corporate_name: Kerr-McGee Corporation | form_genre: Black-and-white photograph | form_genre: Industrial image | form_genre: Photograph | geographic: Cotton Valley (Louisiana) | geographic: Louisiana | geographic: United States | topical: Black-and-white photographs | topical: Industrial photography | topical: Oil refineries | topical: Petroleum industry,corporate_name: Kerr-McGee Corporation | form_genre: Black-and-white photographs | form_genre: Photographs | geographic: Cotton Valley (La.) | geographic: Louisiana | topical: Industrial plants | topical: Oil refineries | topical: Petroleum refineries
Kerr-McGee Corporation collection,WHC-P-2232_0069,"Kerr-McGee Corporation Sequoyah Facility uranium hexafluoride processing plant near Gore, Oklahoma","Black and white photograph depicting the Kerr-McGee Corporation Sequoyah Facility uranium hexafluoride processing plant near Gore, Oklahoma at sunset.",1970,,,,"corporate_name: Kerr-McGee Corporation | corporate_name: Sequoyah Facility | form_genre: Black-and-white photographs | form_genre: Industrial photography | form_genre: Photographs | geographic: Gore, Oklahoma | geographic: Oklahoma | geographic: United States | topical: Black-and-white photography | topical: Industrial facilities | topical: Nuclear fuel cycle | topical: Uranium hexafluoride | topical: Uranium processing",corporate_name: Kerr-McGee Corporation | form_genre: Black and white photographs | form_genre: Photographs | geographic: Gore (Oklahoma) | geographic: Oklahoma | topical: Industrial plants | topical: Nuclear fuel cycle | topical: Uranium hexafluoride | topical: Uranium processing plants
Kerr-McGee Corporation collection,WHC-P-2232_0071,(NEEDS TO BE MIRROR IMAGED) Kerr-McGee Corporation crew core drilling in search of uranium,Black and white photograph depicting a Kerr-McGee Corporation crew core drilling in search of uranium. Two onlooking children and a mule are seen in the foreground.,circa 1952-1960,,,,chronological: 1950-1959 | corporate_name: Kerr-McGee Corporation | form_genre: Black-and-white photographs | form_genre: Photographs | topical: Black-and-white photography | topical: Core drilling | topical: Mining industry | topical: Nuclear fuel cycle | topical: Uranium mining,corporate_name: Kerr-McGee Corporation | form_genre: Photographs | topical: Core drilling | topical: Mining | topical: Prospecting | topical: Uranium
Kerr-McGee Corporation collection,WHC-P-2232_0072,Unidentified Kerr-McGee Corporation plant,Black and white photograph depicting an unidentified Kerr McGee plant used to separate petroleum liquids from natural gas.,circa 1970-1985,,,,corporate_name: Kerr-McGee | form_genre: Black-and-white photographs | form_genre: Industrial photography | form_genre: Photographs | topical: Industrial processes | topical: Natural gas | topical: Petroleum industry | topical: Petroleum refining | topical: Separation processes (petroleum),corporate_name: Kerr-McGee Corporation | form_genre: Photographs | topical: Chemical engineering | topical: Gas processing plants | topical: Natural gas | topical: Petroleum refining
Kerr-McGee Corporation collection,WHC-P-2232_0074,Kerr-McGee Corporation airplane searching for uranium,Black and white photograph of a Kerr-McGee Corporation airplane flying near a rock formation during a uranium prospecting expedition.,circa 1952-1970,,,,corporate_name: Kerr-McGee Corporation | events: Prospecting expeditions | events: Uranium prospecting expeditions | form_genre: Aerial photographs | form_genre: Photographs | topical: Aviation | topical: Black-and-white photography | topical: Photographs | topical: Rock formations | topical: Uranium prospecting,corporate_name: Kerr-McGee Corporation | form_genre: Photographs | topical: Airplanes | topical: Mineral exploration | topical: Prospecting | topical: Uranium
Kerr-McGee Corporation collection,WHC-P-2232_0077,"Kerr-McGee Corporation oil refinery in Wynnewood, Oklahoma","Black and white aerial photograph depicting the Kerr-McGee Corporation oil refinery in Wynnewood, Oklahoma",circa 1965-1980,,,,corporate_name: Kerr-McGee Corporation | form_genre: Aerial photographs | form_genre: Black-and-white photographs | form_genre: Photographs | geographic: Oklahoma | geographic: United States | geographic: Wynnewood (Oklahoma) | topical: Aerial photography | topical: Black-and-white photographs | topical: Industrial facilities | topical: Oil refineries | topical: Petroleum industry,"corporate_name: Kerr-McGee Corporation | form_genre: Aerial photographs | form_genre: Black-and-white photographs | geographic: Oklahoma | geographic: Wynnewood, Oklahoma | topical: Industrial plants | topical: Oil refineries | topical: Petroleum refining"
Kerr-McGee Corporation collection,WHC-P-2232_0078,Cato Oil & Grease Company semi-trailer trucks,"Black and white photograph depicting three Cato Oil & Grease Company semi-trailer trucks taken on February 23, 1956. The trucks carry the brand of the company's Wanda motor oil.",1956-02-23 00:00:00,The Oklahoma City-based Cato Oil and Grease Company was a subsidiary of the Kerr-McGee Corporation,,,chronological: 1956 | corporate_name: Cato Oil & Grease Company | corporate_name: Wanda (motor oil) | form_genre: black-and-white photographs | form_genre: still image | topical: advertising photography | topical: commercial vehicles | topical: motor oil | topical: photographs | topical: transportation industry,chronological: 1956 | corporate_name: Cato Oil & Grease Company | form_genre: Black-and-white photographs | form_genre: Photographs | topical: Commercial vehicles | topical: Motor oil | topical: Semi-trailer trucks | topical: Transportation
Kerr-McGee Corporation collection,WHC-P-2232_0079,Kerr-McGee Corporation's Transworld Rig 54 being towed down the Mississippi River,"Black and white photograph depicting the Kerr-McGee Corporation's Transworld Rig 54 being towed down the Mississippi River in the fog on January 19, 1963. The photograph shows the oil platform being towed under the Greater New Orleans Bridge in New Orleans, Louisiana.",1963-01-19 00:00:00,,,,chronological: 1963 | corporate_name: Kerr-McGee Corporation | form_genre: black-and-white photographs | form_genre: industrial photographs | form_genre: photographs | geographic: Louisiana | geographic: Mississippi River (United States) | geographic: New Orleans (Louisiana) | topical: black-and-white photographs | topical: industrial photography | topical: offshore drilling | topical: oil platforms | topical: towing (maritime),chronological: 1963 | corporate_name: Kerr-McGee Corporation | form_genre: Photographs | geographic: Greater New Orleans Bridge | geographic: Louisiana | geographic: New Orleans (La.) | topical: Mississippi River | topical: Oil industry | topical: Oil platforms | topical: Towing
Kerr-McGee Corporation collection,WHC-P-2232_0080,"Oil rig at Barron Ranch at Ellenberger Field in Garza County, Texas","Black and white photograph depicting an oil rig at Barron Ranch at Ellenberger Field in Garza County, Texas in 1974.",1974,,,,chronological: 1974 | form_genre: Black-and-white photographs | form_genre: Photographs | geographic: Garza County (Texas) | geographic: Texas | topical: Black-and-white photographs | topical: Oil rigs | topical: Oil wells | topical: Petroleum industry,"chronological: 1974 | corporate_name: Barron Ranch | form_genre: Black-and-white photographs | form_genre: Photographs | geographic: Ellenberger Field (Texas) | geographic: Garza County, Texas | geographic: Texas | topical: Oil drilling | topical: Oil rigs | topical: Petroleum industry"
Kerr-McGee Corporation collection,WHC-P-2232_0081,"Drilling rigs performing uranium exploration near Ambrosia Lake in Grants, New Mexico","Black and white photograph of drilling rigs performing uranium exploration near Ambrosia Lake in Grants, New Mexico in June 1956.",1956-06-01 00:00:00,,,,chronological: 1956 | form_genre: Black-and-white photographs | form_genre: Photographs | geographic: Ambrosia Lake (New Mexico) | geographic: Grants (New Mexico) | geographic: New Mexico | geographic: United States | topical: Drilling rigs | topical: Geology | topical: Mining | topical: Uranium exploration,chronological: 1956 | form_genre: Photographs | geographic: Ambrosia Lake (N.M.) | geographic: Grants (N.M.) | geographic: New Mexico | topical: Drilling rigs | topical: Mineral exploration | topical: Uranium mining
Kerr-McGee Corporation collection,WHC-P-2232_0084,"Steam-driven rotary drilling oil rig, undated",Black and white photograph depicting a steam-driven rotary drilling oil rig. The rig depicted is probably one of the first two drilling rigs purchased by R.S. Kerr and James L. Anderson in 1929.,circa 1925-1935,,,,"chronological: 1920-1929 | chronological: 1929 | form_genre: Black-and-white photographs | form_genre: Photographs | personal_name: Anderson, James L. | personal_name: Kerr, R. S. | topical: Black-and-white photography | topical: Oil drilling | topical: Oil rigs | topical: Rotary drilling | topical: Steam-driven machinery","chronological: 1929 | form_genre: Photographs | personal_name: Anderson, James L. | personal_name: Kerr, R. S. | topical: Drilling rigs | topical: Oil drilling | topical: Petroleum industry | topical: Steam engines"
Kerr-McGee Corporation collection,WHC-P-2232_0085,Transocean Drilling Company oil rig in the North Sea,Black and white photograph depicting a Transocean Drilling Company oil rig in the North Sea.,circa 1967,Transocean Drilling Company was a subsidiary of the Kerr-McGee Corporation.,,,corporate_name: Transocean Drilling Company | form_genre: Black-and-white photographs | form_genre: Photographs | geographic: North Sea | topical: Marine engineering | topical: Offshore drilling | topical: Oil drilling | topical: Oil rigs | topical: Petroleum industry,corporate_name: Transocean Drilling Company | form_genre: Photographs | geographic: North Sea | topical: Offshore drilling | topical: Oil platforms | topical: Oil rigs | topical: Petroleum industry
Kerr-McGee Corporation collection,WHC-P-2232_0086,"Drilling rig in Holt, Texas","Black and white photograph taken in twilight depicting a drilling rig beside a body of water in Holt, Texas.",circa 1970-1985,,,,form_genre: Black-and-white photographs | form_genre: Industrial photography | form_genre: Landscape photography | form_genre: Photographs | geographic: Holt (Texas) | geographic: Texas | geographic: United States | topical: Drilling rigs | topical: Industrial facilities | topical: Oil drilling | topical: Twilight | topical: Water bodies,form_genre: Black-and-white photographs | form_genre: Photographs | geographic: Holt (Texas) | geographic: Texas | topical: Drilling rigs | topical: Oil industry | topical: Oil rigs | topical: Water
Kerr-McGee Corporation collection,WHC-P-2232_0087,Offshore oil rig,"Black and white photograph depicting an offshore oil platform. In the background, the sun is depicted shining through clouds.",circa 1970-1985,,,,form_genre: Black-and-white photographs | form_genre: Industrial photography | form_genre: Photographs | topical: Black-and-white photographs | topical: Industrial photography | topical: Offshore oil drilling | topical: Oil platforms | topical: Petroleum industry,form_genre: Black-and-white photographs | form_genre: Photographs | topical: Offshore drilling | topical: Offshore oil platforms | topical: Oil industry | topical: Oil platforms
Kerr-McGee Corporation collection,WHC-P-2232_0088,"Kerr-McGee Corporation uranium mine shaft headframe near Ambrosia Lake in Grants, New Mexico","Black and white photograph depicting a Kerr-McGee Corporation uranium mine shaft headframe near Ambrosia Lake in Grants, New Mexico.",circa 1958-1979,,,,corporate_name: Kerr-McGee Corporation | form_genre: Black-and-white photographs | form_genre: Industrial photographs | form_genre: Photographs | geographic: Ambrosia Lake (N.M.) | geographic: Grants (N.M.) | geographic: New Mexico | geographic: United States | topical: Headframes | topical: Industrial photography | topical: Mine shafts | topical: Nuclear industry | topical: Uranium mining,corporate_name: Kerr-McGee Corporation | form_genre: Black-and-white photographs | form_genre: Photographs | geographic: Ambrosia Lake (N.M.) | geographic: Grants (N.M.) | geographic: New Mexico | topical: Headframes | topical: Mining | topical: Uranium mines | topical: Uranium mining
Kerr-McGee Corporation collection,WHC-P-2232_0089,"Drilling operation near Icy Bay, Alaska","Black and white photograph depicting a drilling operation near Icy Bay, Alaska in July 2, 1954. A drilling rig is depicted along with a Caterpillar diesel D 315 engine pumping water for drilling operations.",1954-07-02 00:00:00,,,,chronological: 1954 | corporate_name: Caterpillar Inc. | form_genre: black-and-white photographs | form_genre: photographs | geographic: Alaska | geographic: Icy Bay | topical: diesel engines | topical: drilling operations | topical: drilling rigs | topical: oil and gas industry,chronological: 1954 | form_genre: Photographs | geographic: Alaska | geographic: Icy Bay (Alaska) | topical: Caterpillar diesel engines | topical: Diesel engines | topical: Oil drilling | topical: Water pumps
Kerr-McGee Corporation collection,WHC-P-2232_0090,"Kerr-McGee Corporation wildcat well drilling operation in northeast British Columbia, Canada","Black and white photograph depicting an oil rig being used for a wildcat well drilling operation in extreme northeast British Columbia, Canada.",circa 1965-1970,,,,form_genre: Black-and-white photographs | form_genre: Images | form_genre: Photographs | geographic: British Columbia | geographic: Canada | geographic: Northeast British Columbia | topical: Energy industry | topical: Oil rigs | topical: Oil well drilling | topical: Petroleum extraction | topical: Wildcat drilling,form_genre: Photographs | geographic: British Columbia (Province) | geographic: Canada | topical: Oil drilling | topical: Oil rigs | topical: Petroleum industry | topical: Wildcatting
Kerr-McGee Corporation collection,WHC-P-2232_0093,"Kerr-McGee Corporation oil refinery in Wynnewood, Oklahoma","Black and white photograph depicting the Kerr-McGee Corporation oil refinery in Wynnewood, Oklahoma in spring 1955. Shown are the refinery's fluid-type catalytic cracking unit and catalytic polymerization unit.",1955,,,,chronological: 1955 | corporate_name: Kerr-McGee Corporation | form_genre: Black-and-white photographs | form_genre: Industrial photography | geographic: Oklahoma | geographic: United States | geographic: Wynnewood (Oklahoma) | topical: Catalytic polymerization | topical: Fluid catalytic cracking | topical: Industrial photography | topical: Oil refineries | topical: Petroleum industry,chronological: 1955 | corporate_name: Kerr-McGee Corporation | form_genre: Photographs | geographic: Oklahoma | geographic: Wynnewood (Okla.) | topical: Catalytic cracking | topical: Oil refineries | topical: Polymerization
Kerr-McGee Corporation collection,WHC-P-2232_0095,"Kerr-McGee Corporation oil refinery in Wynnewood, Oklahoma","Black and white photograph depicting the Kerr-McGee Corporation oil refinery in Wynnewood, Oklahoma in spring 1955. Shown are the refinery's fluid-type catalytic cracking unit and catalytic polymerization unit.",circa 1970-1985,,,,"chronological: 1955 | corporate_name: Kerr-McGee Corporation | form_genre: Industrial photography | form_genre: Photographs, black-and-white | geographic: Oklahoma | geographic: United States | geographic: Wynnewood (Oklahoma) | topical: Catalytic polymerization | topical: Fluid catalytic cracking | topical: Industrial processes | topical: Oil refineries | topical: Petroleum industry",chronological: 1955 | corporate_name: Kerr-McGee Corporation | form_genre: Photographs | geographic: Oklahoma | geographic: Wynnewood (Okla.) | topical: Catalytic cracking | topical: Oil refineries | topical: Polymerization
Kerr-McGee Corporation collection,WHC-P-2232_0096,"Kerr-McGee Corporation uranium mine shaft headframe near Ambrosia Lake in Grants, New Mexico","Black and white photograph depicting a dump truck at a Kerr-McGee Corporation uranium mine shaft headframe near Ambrosia Lake in Grants, New Mexico.",circa 1965-1975,,,,chronological: 1950-1959 | chronological: 1960-1969 | corporate_name: Kerr-McGee | corporate_name: Kerr-McGee Corporation | form_genre: Black-and-white photographs | form_genre: Photographs | geographic: Ambrosia Lake (New Mexico) | geographic: Grants (New Mexico) | geographic: New Mexico | topical: Black-and-white photography | topical: Dump trucks | topical: Mining equipment | topical: Mining shafts | topical: Uranium mining,corporate_name: Kerr-McGee Corporation | form_genre: Photographs | geographic: Ambrosia Lake (N.M.) | geographic: Grants (N.M.) | geographic: New Mexico | topical: Dump trucks | topical: Headframes | topical: Mining | topical: Uranium mines
Kerr-McGee Corporation collection,WHC-P-2232_0103,Kerr-McGee Corporation coal mining operation,"Black and white photograph depicting a Kerr-McGee Corporation coal mining operation in 1977, likely in Jacobs Ranch Mine near Wright, Wyoming. A mining dump truck is depicted.",1977,,,,chronological: 1970-1979 | chronological: 1977 | corporate_name: Kerr-McGee Corporation | form_genre: Black-and-white photographs | form_genre: Photographs | geographic: United States | geographic: Wright (Wyoming) | geographic: Wyoming | topical: Black-and-white photographs | topical: Coal mining | topical: Dump trucks | topical: Industrial photography | topical: Mining equipment,chronological: 1977 | corporate_name: Kerr-McGee Corporation | form_genre: Photographs | geographic: Jacobs Ranch Mine | geographic: Wright (Wyoming) | geographic: Wyoming | topical: Coal mines | topical: Dump trucks | topical: Mining
Kerr-McGee Corporation collection,WHC-P-2232_0107,Kerr-McGee Corporation's Transworld Rig 61 oil platform,Color aerial photograph depicting Kerr-McGee Corporation's Transworld Rig 61. The oil platform was built in Japan in 1970.,circa 1970-1975,,,,chronological: 1970 | corporate_name: Kerr-McGee Corp. | corporate_name: Transworld Rig 61 | form_genre: Aerial photographs | form_genre: Color photographs | geographic: Japan | topical: Aerial photography | topical: Offshore drilling | topical: Oil platforms | topical: Petroleum industry,chronological: 1970 | corporate_name: Kerr-McGee Corporation | form_genre: Aerial photographs | form_genre: Color photographs | topical: Offshore drilling | topical: Oil industry | topical: Oil platforms
Kerr-McGee Corporation collection,WHC-P-2232_0108,Kerr-McGee Kermac Rig 16 offshore oil drilling platform,Black and white photograph depicting the Kerr-McGee Kermac Rig 16 offshore oil drilling platform in 1947. The platform was the first producing well drilled out of the sight of land and was located in the Gulf of Mexico 10.5 miles off the Louisiana coast.,1947,,,,chronological: 1940-1949 | chronological: 1947 | corporate_name: Kermac Rig 16 | corporate_name: Kerr-McGee Corporation | form_genre: Black-and-white photographs | form_genre: Photographs | geographic: Gulf of Mexico | geographic: Louisiana | topical: Industrial photography | topical: Offshore oil drilling | topical: Oil platforms | topical: Petroleum industry,chronological: 1947 | corporate_name: Kerr-McGee Corporation | form_genre: Photographs | geographic: Gulf of Mexico | geographic: Louisiana (State) | topical: Offshore oil platforms | topical: Oil drilling | topical: Oil industry | topical: Petroleum engineering
Kerr-McGee Corporation collection,WHC-P-2232_0109,Kerr-McGee Corporation's Transworld Rig 61 oil platform,Black and white photograph depicting Kerr-McGee Corporation's Transworld Rig 61. The oil platform was built in Japan in 1970.,circa 1970-1975,,,,chronological: 1970 | corporate_name: Kerr-McGee Corporation | form_genre: Black-and-white photographs | form_genre: Industrial photography | form_genre: Photographs | geographic: Japan | topical: Black-and-white photographs | topical: Industrial photography | topical: Offshore drilling | topical: Oil platforms | topical: Petroleum industry | uniform_title: Transworld Rig 61 (oil platform),chronological: 1970 | corporate_name: Kerr-McGee Corporation | form_genre: Photographs | geographic: Japan | topical: Offshore drilling | topical: Oil industry | topical: Oil platforms
Kerr-McGee Corporation collection,WHC-P-2232_0110,Kerr-McGee Corporation's Transworld Rig 54 in the Gulf of Mexico,"Black and white photograph depicting Kerr-McGee Corporation's Transworld Rig 54 in the Gulf of Mexico. The oil platform, built in 1962, was described as being the largest bottom-supported submersible rig ever built at the time.",circa 1962-1975,,,,chronological: 1960-1969 | chronological: 1962 | corporate_name: Kerr-McGee | corporate_name: Kerr-McGee Corporation | events: Offshore drilling (1960s) | events: Oil rig construction (1962) | form_genre: Black-and-white photographs | form_genre: Photographs | geographic: Gulf of Mexico | geographic: Gulf of Mexico (United States) | topical: Marine engineering | topical: Offshore drilling | topical: Oil platforms | topical: Petroleum industry | topical: Submersible rigs,chronological: 1962 | corporate_name: Kerr-McGee Corporation | form_genre: Photographs | geographic: Gulf of Mexico | topical: Offshore drilling | topical: Oil platforms | topical: Oil rigs | topical: Submersible platforms
Kerr-McGee Corporation collection,WHC-P-2232_0111,Kerr-McGee Corporation offshore drilling operation at Ship Shoal Block 28,Black and white photograph depicting Kerr-McGee Corporation's  offshore drilling operation at Ship Shoal Block 28 in the Gulf of Mexico off the coast of Louisiana.,circa 1965-1980,,,,corporate_name: Kerr-McGee Corporation | form_genre: Photographs | geographic: Gulf of Mexico | geographic: Louisiana | geographic: Ship Shoal Block 28 | topical: Black-and-white photography | topical: Energy production | topical: Offshore drilling | topical: Oil and gas industry | topical: Petroleum extraction,corporate_name: Kerr-McGee Corporation | form_genre: Photographs | geographic: Gulf of Mexico | geographic: Louisiana (State) | topical: Offshore drilling | topical: Oil industry | topical: Oil platforms | topical: Petroleum drilling
Kerr-McGee Corporation collection,WHC-P-2232_0114,Geophysical exploration ship in Gulf of Mexico,Black and white photograph depicting a ship in the Gulf of Mexico conducting geophysical exploration in 1945.,1945,,,,chronological: 1945 | form_genre: Black-and-white photographs | form_genre: Photographs | geographic: Gulf of Mexico | topical: Geophysical prospecting | topical: Geophysics | topical: Marine geophysics | topical: Photographs | topical: Ship navigation,chronological: 1945 | form_genre: Photographs | geographic: Gulf of Mexico | topical: Geophysical exploration | topical: Marine surveying | topical: Ships
Kerr-McGee Corporation collection,WHC-P-2232_0115,Original Kerr-McGee Kermac Rig 16 offshore oil drilling platform,Black and white photograph depicting the original platform of the Kerr-McGee Kermac Rig 16 as it appeared in 1977. The platform was located in the Gulf of Mexico 10.5 miles off the Louisiana coast.,1977,,,,chronological: 1977 | corporate_name: Kerr-McGee | form_genre: black-and-white photographs | form_genre: photographs | geographic: Gulf of Mexico | geographic: Louisiana (state) | topical: Kerr-McGee | topical: offshore oil platforms | topical: oil and gas extraction | topical: oil drilling,chronological: 1977 | corporate_name: Kerr-McGee Corporation | form_genre: Photographs | geographic: Gulf of Mexico | geographic: Louisiana (State) | topical: Offshore drilling | topical: Oil platforms | topical: Oil rigs
Kerr-McGee Corporation collection,WHC-P-2232_0117,Kerr-McGee Transworld Rig 40 offshore oil drilling platform,"Black and white aerial photograph depicting the Kerr-McGee Transworld Rig 40, previously known as Breton Rig 20, in the 1950s in the Gulf of Mexico off the coast of Louisiana. The rig has been described as the first self-contained, mobile offshore drilling unit.",circa 1950-1959,,,,chronological: 1950-1959 | corporate_name: Kerr-McGee | corporate_name: Kerr-McGee Corporation | form_genre: aerial photographs | form_genre: black-and-white photographs | form_genre: photographic images | geographic: Gulf of Mexico | geographic: Louisiana | topical: aerial photography | topical: mobile offshore drilling units | topical: offshore drilling | topical: oil drilling rigs | topical: oil industry,chronological: 1950-1959 | corporate_name: Breton Rig | corporate_name: Kerr-McGee Corporation | form_genre: Aerial photographs | form_genre: Black-and-white photographs | geographic: Gulf of Mexico | geographic: Louisiana (State) | topical: Mobile offshore drilling units | topical: Offshore drilling platforms | topical: Oil drilling | topical: Oil rigs
Kerr-McGee Corporation collection,WHC-P-2232_0119,Kerr-McGee Transworld Rig 58 offshore oil drilling platform,Black and white aerial photograph depicting the Kerr-McGee Transworld Rig 58 in the Gulf of Guinea off the coast of Nigeria.,circa 1970-1980,,,,corporate_name: Kerr-McGee | corporate_name: Transworld | form_genre: Aerial photographs | form_genre: Black-and-white photographs | form_genre: Photographs | geographic: Atlantic Ocean | geographic: Coast of Nigeria | geographic: Gulf of Guinea | topical: Aerial photography | topical: Black-and-white photographs | topical: Offshore oil rigs | topical: Oil drilling equipment | topical: Petroleum industry,corporate_name: Kerr-McGee Corporation | form_genre: Aerial photographs | geographic: Gulf of Guinea | geographic: Nigeria | topical: Offshore drilling | topical: Oil drilling | topical: Oil industry | topical: Oil platforms
Kerr-McGee Corporation collection,WHC-P-2232_0121,Kerr-McGee Kermac Rig 16 offshore oil drilling platform,Black and white photograph depicting a Kerr-McGee Kermac Rig 16 offshore oil drilling platform in 1947. The platform was the first producing well drilled out of the sight of land and was located in the Gulf of Mexico 10.5 miles off the Louisiana coast.,1947,,,,chronological: 1940-1949 | chronological: 1947 | corporate_name: Kerr-McGee Corporation | form_genre: Black-and-white photographs | form_genre: Photographs | geographic: Gulf of Mexico | geographic: Louisiana (State) | geographic: Offshore Gulf of Mexico | topical: Black-and-white photography | topical: Drilling rigs | topical: Offshore oil drilling | topical: Oil wells | topical: Petroleum industry,chronological: 1947 | corporate_name: Kerr-McGee Corporation | form_genre: Photographs | geographic: Gulf of Mexico | geographic: Louisiana (State) | topical: Offshore drilling | topical: Oil platforms | topical: Oil wells | topical: Petroleum industry
Kerr-McGee Corporation collection,WHC-P-2232_0124,United States Senator Robert S. Kerr autographing book,"Black and white photograph depicting United States Senator Robert S. Kerr autographing a copy of his book Land, Wood, and Water. ",circa 1960-1962,,,,"chronological: 1950-1959 | corporate_name: United States Senate | form_genre: Autograph books | form_genre: Black-and-white photography | form_genre: Portraits | geographic: United States | personal_name: Kerr, Robert S. (1906-1963) | topical: Autographs | topical: Black-and-white photographs | topical: Books | topical: Land (geography) | topical: Photographs | uniform_title: Land, Wood, and Water (book)","form_genre: Photographs | personal_name: Kerr, Robert S. | topical: Authors | topical: Book signings | topical: United States--Politics and government | uniform_title: Land, Wood, and Water"
Kerr-McGee Corporation collection,WHC-P-2232_0125,United States Senator Robert S. Kerr,Black and white portrait photograph of United States Senator Robert S. Kerr with a small mountain in the background.,circa 1960,,,,chronological: 1950-1959 | form_genre: Black-and-white photographs | form_genre: Photographs | form_genre: Portraits (photographs) | geographic: Oklahoma | geographic: United States | personal_name: Robert S. Kerr | topical: Black-and-white photographs | topical: Mountains (geography) | topical: Portrait photography | topical: United States senators,"form_genre: Photographs | form_genre: Portraits | personal_name: Kerr, Robert S., 1896-1963 | topical: Politicians | topical: Portrait photography | topical: United States Congress"
Kerr-McGee Corporation collection,WHC-P-2232_0126,Petroleum executives Dean McGee and Robert S. Kerr,Black and white photograph from 1947 of petroleum executives Dean McGee and Robert S. Kerr posed in front of an unidentified house.,1947,,,,chronological: 1947 | form_genre: black-and-white photograph | form_genre: portrait photograph | geographic: United States | personal_name: Dean McGee | personal_name: Robert S. Kerr | topical: black-and-white photography | topical: executives | topical: oil industry | topical: photographs | topical: portraiture,"chronological: 1947 | form_genre: Photographs | personal_name: Kerr, Robert S. | personal_name: McGee, Dean | topical: Executives | topical: Petroleum industry"
Kerr-McGee Corporation collection,WHC-P-2232_0127,Six men standing on the Kerr-McGee Kermac Rig 16 offshore oil rig,"Black and white photograph depicting six men standing on the Kerr-McGee Kermac Rig 16 offshore oil rig circa 1947. The men are shown standing on the Dean Terrill of New Orleans, LA motor vessel that served as the tender for the rig. Dean McGee is the third individual from the left.",circa 1947,,,,"chronological: 1940-1949 | chronological: 1947 | corporate_name: Kerr-McGee Corporation | events: 1947 | events: Post-World War II era | form_genre: Documentary photography | form_genre: Industrial photography | form_genre: Photographs, black-and-white | geographic: Gulf of Mexico | geographic: Louisiana | geographic: New Orleans (Louisiana) | personal_name: Dean McGee | topical: Industrial photography | topical: Marine transportation | topical: Offshore oil drilling | topical: Oil rigs | topical: Petroleum industry | uniform_title: Dean Terrill (motor vessel) | uniform_title: Kermac Rig 16 (offshore oil rig)","chronological: 1947 | corporate_name: Kerr-McGee | form_genre: Photographs | geographic: Gulf of Mexico | personal_name: McGee, Dean | topical: Offshore oil rigs | topical: Oil drilling | topical: Tenders (vessels)"
Kerr-McGee Corporation collection,WHC-P-2232_0129,United States Senator Robert S. Kerr,"Black and white portrait photograph of United States Senator Robert S. Kerr circa 1960-1962 in his Washington, D.C. office. The photograph depicts Kerr posed with a copy of his book Land, Wood, and Water, a sign extending the title of the book to form the slogan ""Land, Wood, & Water, & Space"", and a model of a United States Air Force model X-15 jet.",circa 1960-1962,,,,"chronological: 1960-1962 | corporate_name: United States Air Force | corporate_name: United States Senate | form_genre: Photograph | form_genre: Portrait (visual arts) | geographic: Washington, D.C. | personal_name: Robert S. Kerr | topical: Air Force X-15 (aircraft) | topical: Black-and-white photographs | topical: Portrait photography | topical: United States Senate | uniform_title: Land, Wood, and Water (book)","chronological: 1960-1962 | form_genre: Photographs | form_genre: Portraits | geographic: Washington, District of Columbia | personal_name: Kerr, Robert S., 1896-1963 | topical: Aerospace industry | topical: Natural resources | topical: United States--Politics and government | topical: X-15 (Rocket plane) | uniform_title: Kerr, Robert S. Land, wood, and water"
Kerr-McGee Corporation collection,WHC-P-2232_0130,Kerr-McGee Corporation representatives flying to first offshore rig,"Black and white photograph depicting 13 Kerr-McGee Corporation representatives in 1947 posed in front of an airplane preparing to board a flight to visit the Kermac Rig 16 offshore oil drilling platform, the company's first offshore drilling platform, in the Gulf of Mexico. Dean McGee is eighth from the left.",1947,,,,chronological: 1947 | corporate_name: Kerr-McGee Corporation | form_genre: black-and-white photographs | form_genre: portrait photographs | geographic: Gulf of Mexico | geographic: United States | personal_name: Dean McGee | topical: air travel | topical: offshore drilling | topical: oil drilling | topical: petroleum industry | topical: photographs,"chronological: 1947 | corporate_name: Kerr-McGee Corporation | form_genre: Photographs | geographic: Gulf of Mexico | personal_name: McGee, Dean | topical: Aviation | topical: Corporate personnel | topical: Offshore oil platforms | topical: Oil drilling"
Kerr-McGee Corporation collection,WHC-P-2232_0131,Kerlyn Oil Company production personnel,"Black and white photograph depicting five unidentified Kerlyn Oil Company production personnel at a site near Sunray, Texas. The men are standing beside a sign that reads ""Kerlyn Oil Company, McDowell No. 1-C, Sec. 16, Blk. 16, Acres 640.""",1938,Kerlyn Oil Company was a former name for the Kerr-McGee Corporation.,,,chronological: 20th century | corporate_name: Kerlyn Oil Company | events: Texas oil boom | form_genre: Black-and-white photographs | form_genre: Industrial photography | form_genre: Photographs | geographic: Sunray (Texas) | geographic: Texas | topical: Company personnel | topical: Industrial workers | topical: Oil industry | topical: Oil wells | topical: Petroleum production,corporate_name: Kerlyn Oil Company | form_genre: Black-and-white photographs | form_genre: Photographs | geographic: Sunray (Texas) | geographic: Texas | topical: Oil industry | topical: Oil production | topical: Oil wells
Kerr-McGee Corporation collection,WHC-P-2232_0133,Petroleum executives Dean McGee and Robert S. Kerr at New York Stock Exchange,"Black and white photograph depicting Dean McGee and Robert S. Kerr at New York Stock Exchange posing beside a visualization of the Kerr-McGee Oil Industries, Incorporated stock price.",circa 1956-1960,,,,"chronological: 1960-1963 | corporate_name: Kerr-McGee Oil Industries, Inc. | corporate_name: New York Stock Exchange | form_genre: Business photography | form_genre: Photographs | form_genre: Portraits | form_genre: Stock charts | geographic: Manhattan | geographic: New York (city) | geographic: United States | personal_name: Dean McGee | personal_name: Robert S. Kerr | topical: Black-and-white photography | topical: Corporate finance | topical: Oil industry | topical: Petroleum companies | topical: Stock market","corporate_name: Kerr-McGee Oil Industries, Inc. | corporate_name: New York Stock Exchange | form_genre: Photographs | geographic: New York (N.Y.) | personal_name: Kerr, Robert S. | personal_name: McGee, Dean | topical: Oil industry | topical: Stock exchange | topical: Stock prices"
Kerr-McGee Corporation collection,WHC-P-2232_0136,Robert S. Kerr and James L. Anderson,Black and white photograph depicting Robert S. Kerr and James L. Anderson. Kerr and Anderson founded the Anderson & Kerr Drilling Company that would later become the Kerr-McGee Corporation.,circa 1940-1959,,,,"chronological: 1930-1939 | chronological: 1940-1949 | corporate_name: Anderson & Kerr Drilling Company | corporate_name: Kerr-McGee Corporation | form_genre: black-and-white photographs | form_genre: portrait photographs | geographic: Oklahoma | geographic: United States | personal_name: Anderson, James L. | personal_name: Kerr, Robert S. | topical: corporate history | topical: drilling companies | topical: oil industry | topical: petroleum exploration","corporate_name: Anderson & Kerr Drilling Company | corporate_name: Kerr-McGee Corporation | form_genre: Photographs | personal_name: Anderson, James L. | personal_name: Kerr, Robert S. | topical: Corporate history | topical: Oil drilling | topical: Oil industry"
Kerr-McGee Corporation collection,WHC-P-2232_0137,Senator Robert S. Kerr and unidentified Kerr-McGee Corporation employee,Black and white photograph depicting Senator Robert S. Kerr checking an instrument with an unidentified employee working on a lumber operation. There are two other unidentified men in the background.,circa 1955-1962,,,,"chronological: 1950-1959 | form_genre: Black-and-white photographs | personal_name: Kerr, Robert S. | topical: Forestry | topical: Industrial workers | topical: Lumber industry | topical: Photographs | topical: Political officials","form_genre: Photographs | personal_name: Kerr, Robert S., 1896-1963 | topical: Governmental oversight | topical: Logging | topical: Lumber industry | topical: Public works"
Kerr-McGee Corporation collection,WHC-P-2232_0139,"Kerr-McGee Tower in Oklahoma City, Oklahoma","Color photograph depicting the Kerr-McGee Tower in Oklahoma City, Oklahoma at night. The tower, currently known as Strata Tower, stands at 123 Robert S. Kerr Avenue, Oklahoma City, Oklahoma.",circa 1972-1973,,,,"corporate_name: Kerr-McGee | form_genre: Color photographs | form_genre: Night photographs | geographic: Oklahoma | geographic: Oklahoma City (Okl.) | geographic: United States | personal_name: Kerr, Robert S. | topical: Nighttime photography | topical: Photographs | topical: Skyscrapers | topical: Urban architecture","corporate_name: Kerr-McGee Corporation | form_genre: Color photographs | form_genre: Photographs | geographic: Oklahoma City, Oklahoma | geographic: United States | topical: Architecture | topical: Commercial buildings | topical: Skyscrapers"
Kerr-McGee Corporation collection,WHC-P-2232_0140,"Kerr-McGee Tower in Oklahoma City, Oklahoma","Black and white photograph undated photograph depicting the Kerr-McGee Tower in Oklahoma City, Oklahoma at night. The tower, currently known as Strata Tower, stands at 123 Robert S. Kerr Avenue, Oklahoma City, Oklahoma.",circa 1973-1985,,,,chronological: 1970-1979 | corporate_name: Kerr-McGee Corporation | corporate_name: Strata Tower | form_genre: architectural photograph | form_genre: black-and-white photograph | form_genre: night view | form_genre: photograph | geographic: Oklahoma | geographic: Oklahoma City (Oklahoma) | personal_name: Robert S. Kerr | topical: architectural photography | topical: black-and-white photographs | topical: night photography | topical: photographs | topical: skyscrapers,"corporate_name: Kerr-McGee Corporation | form_genre: Black-and-white photographs | form_genre: Photographs | geographic: Oklahoma City, Oklahoma | geographic: United States | topical: Architecture | topical: Cityscapes | topical: Skyscrapers"
Kerr-McGee Corporation collection,WHC-P-2232_0143,Kerr McGee Building in Oklahoma City,"Black and white photograph depicting the former Kerr McGee Building in Oklahoma City, Oklahoma at the northeast corner of Robert S. Kerr Ave. and Robinson St., looking northeast.",circa 1929-1940,,,,corporate_name: Kerr-McGee Corporation | form_genre: Black-and-white photographs | geographic: Oklahoma | geographic: Oklahoma City (Okla.) | geographic: Robert S. Kerr Avenue (Oklahoma City) | topical: Architecture | topical: Industrial buildings | topical: Oil industry | topical: Photographs,"corporate_name: Kerr-McGee Corporation | form_genre: Black-and-white photographs | form_genre: Photographs | geographic: Oklahoma | geographic: Oklahoma City, Oklahoma | topical: Architecture | topical: Commercial buildings | topical: Office buildings"
Kerr-McGee Corporation collection,WHC-P-2232_0144,"Kerr-McGee Corporation tank car at the Kerr-McGee pigment plant in Hamilton, Mississippi","Black and white photograph showing a Kerr-McGee Corporation railroad car at the Kerr-McGee pigment plant in Hamilton, Mississippi in 1975.",1975,,,,"chronological: 1975 | corporate_name: Kerr-McGee Corporation | form_genre: Black-and-white photographs | form_genre: Photographs | geographic: Hamilton (Mississippi) | geographic: Mississippi | topical: Chemical industry | topical: Industrial plants | topical: Photographs, black-and-white | topical: Railroad cars",chronological: 1975 | corporate_name: Kerr-McGee Corporation | form_genre: Photographs | geographic: Hamilton (Mississippi) | geographic: Mississippi | topical: Chemical industry | topical: Pigment plants | topical: Railroad cars
Kerr-McGee Corporation collection,WHC-P-2232_0149,Cato Oil and Grease Company facility and automobiles,Black and white photograph depicting the Cato Oil and Grease Company facility in Oklahoma City in 1922. In front of the facility are three Model T automobiles that comprised the company's transportation fleet.,1922,,,,chronological: 1920s | chronological: 1922 | corporate_name: Cato Oil and Grease Company | form_genre: Black-and-white photographs | form_genre: Historical photographs | form_genre: Industrial photography | geographic: Oklahoma | geographic: Oklahoma City (Oklahoma) | geographic: United States | topical: Automobiles | topical: Grease (lubricants) | topical: Industrial facilities | topical: Model T (automobile) | topical: Oil industry,"chronological: 1922 | corporate_name: Cato Oil and Grease Company | form_genre: Photographs | geographic: Oklahoma City, Oklahoma | topical: Automobiles | topical: Ford Model T | topical: Industrial plants | topical: Oil industry"
